Experiment,LearningRate,Depth,Mean_QError
1,0.05,4,2.3043366015976914
2,0.05,8,1.9410258153237157
3,0.2,4,1.973717468359274
4,0.2,8,1.9087603220289453
