Experiment,LearningRate,MaxDepth,Mean_QError
1,0.05,4,2.142286481160149
2,0.05,12,1.8966377059809805
3,0.2,4,1.925602866623369
4,0.2,12,2.0864641081514392
